standardized_ethnicity,Arts/Humanities,Business,Healthcare,Other,STEM,Social Sciences,Unknown
Asian,0.45045045045045046,4.954954954954955,4.054054054054054,72.52252252252252,15.315315315315313,0.9009009009009009,1.8018018018018018
Black,1.9607843137254901,13.725490196078432,5.88235294117647,64.70588235294117,3.9215686274509802,0.0,9.803921568627452
Caucasian,2.955665024630542,5.911330049261084,2.4630541871921183,70.93596059113301,6.403940886699508,1.2315270935960592,10.098522167487685
East Indian,2.666666666666667,12.666666666666668,0.6666666666666667,64.0,19.333333333333332,0.6666666666666667,0.0
Hispanic/Latino,0.0,8.24742268041237,0.0,68.04123711340206,16.49484536082474,1.0309278350515463,6.185567010309279
Middle Eastern/Arabic,0.0,0.0,0.0,81.81818181818183,0.0,0.0,18.181818181818183
Mixed/Multi-Ethnic,5.633802816901409,21.12676056338028,5.633802816901409,36.61971830985916,14.084507042253522,2.8169014084507045,14.084507042253522
Unknown,0.0,0.0,0.0,0.0,0.0,0.0,100.0
